https://www.amazon.com/dp/B0006BBIEA,https://images-na.ssl-images-amazon.com/images/I/81DTKVqyomL._UL1500_.jpg
https://www.amazon.com/dp/B0006LXG2M,https://images-na.ssl-images-amazon.com/images/I/61FIlcdnlQL._UL1200_.jpg
https://www.amazon.com/dp/B0006M1UY2,https://images-na.ssl-images-amazon.com/images/I/71ZSgSAH7DL._UL1200_.jpg
https://www.amazon.com/dp/B0008E0CJW,https://images-na.ssl-images-amazon.com/images/I/71cX2a5nVIL._UL1500_.jpg
https://www.amazon.com/dp/B0009I9N9W,https://images-na.ssl-images-amazon.com/images/I/81MhglyuvhL._UL1500_.jpg
https://www.amazon.com/dp/B000GLCPV0,https://images-na.ssl-images-amazon.com/images/I/71w7Tyb4-dL._UL1500_.jpg
https://www.amazon.com/dp/B000N6M6UI,https://images-na.ssl-images-amazon.com/images/I/61chqElxa%2BL._UL1000_.jpg
https://www.amazon.com/dp/B000V59CL2,https://images-na.ssl-images-amazon.com/images/I/71fgCZMOuOL._UL1500_.jpg
https://www.amazon.com/dp/B000V5G2Q0,https://images-na.ssl-images-amazon.com/images/I/81TpHZHGDCL._UL1500_.jpg
https://www.amazon.com/dp/B0011WE27I,https://images-na.ssl-images-amazon.com/images/I/91GArg-IuYL._UL1500_.jpg
https://www.amazon.com/dp/B0012Y8NKC,https://images-na.ssl-images-amazon.com/images/I/71h3a6uC3kL._UL1448_.jpg
https://www.amazon.com/dp/B0015BACYC,https://images-na.ssl-images-amazon.com/images/I/81krPHGpl4L._UL1500_.jpg
https://www.amazon.com/dp/B001BP3C80,https://images-na.ssl-images-amazon.com/images/I/71abmT1pe6L._UL1500_.jpg
https://www.amazon.com/dp/B00191IY3Y,https://images-na.ssl-images-amazon.com/images/I/71Oy23hAlQL._UL1500_.jpg
https://www.amazon.com/dp/B001IBMM1K,https://images-na.ssl-images-amazon.com/images/I/81YD1AoU6wL._SL1500_.jpg
https://www.amazon.com/dp/B001PS0TOS,https://images-na.ssl-images-amazon.com/images/I/81kGyzcusXL._UL1500_.jpg
https://www.amazon.com/dp/B001RRBN4M,https://images-na.ssl-images-amazon.com/images/I/513M52EYOQL._SL1001_.jpg
https://www.amazon.com/dp/B001SBAJYM,https://images-na.ssl-images-amazon.com/images/I/81tCa8HRdXL._UL1500_.jpg
https://www.amazon.com/dp/B001U8MX6K,https://images-na.ssl-images-amazon.com/images/I/91BJS1wTooL._UL1500_.jpg
https://www.amazon.com/dp/B001V2V74O,https://images-na.ssl-images-amazon.com/images/I/81K7K2OOBrL._SL1500_.jpg
https://www.amazon.com/dp/B001W97KH4,https://images-na.ssl-images-amazon.com/images/I/91R2caIybyL._UL1500_.jpg
https://www.amazon.com/dp/B002088KOI,https://images-na.ssl-images-amazon.com/images/I/917QERFPjaL._UL1500_.jpg
https://www.amazon.com/dp/B00279BOLQ,https://images-na.ssl-images-amazon.com/images/I/71JY106KM1L._UL1500_.jpg
https://www.amazon.com/dp/B002HZW9YG,https://images-na.ssl-images-amazon.com/images/I/81hcqJNth3L._UL1500_.jpg
https://www.amazon.com/dp/B002XCPH38,https://images-na.ssl-images-amazon.com/images/I/61K%2BRsyTHTL._UL1500_.jpg
https://www.amazon.com/dp/B002XULMHA,https://images-na.ssl-images-amazon.com/images/I/81o8Ebz1zqL._UL1500_.jpg
https://www.amazon.com/dp/B0035V8LNY,https://images-na.ssl-images-amazon.com/images/I/61nVnt--MrL._UL1019_.jpg
https://www.amazon.com/dp/B00374BQ4K,https://images-na.ssl-images-amazon.com/images/I/81ZCV8khYCL._UL1500_.jpg
https://www.amazon.com/dp/B0037ZF1WC,https://images-na.ssl-images-amazon.com/images/I/81vhXKfpdaL._UL1500_.jpg
https://www.amazon.com/dp/B003BTLA5Q,https://images-na.ssl-images-amazon.com/images/I/51YVA-Ug4AL._SL1250_.jpg
https://www.amazon.com/dp/B003D0DD58,https://images-na.ssl-images-amazon.com/images/I/81pwqK2UurL._UL1500_.jpg
https://www.amazon.com/dp/B003DTMIIW,https://images-na.ssl-images-amazon.com/images/I/81xnE5gRd%2BL._UL1500_.jpg
https://www.amazon.com/dp/B003L3QVCE,https://images-na.ssl-images-amazon.com/images/I/81B%2BrmDpvKL._UL1500_.jpg
https://www.amazon.com/dp/B003LB03B6,https://images-na.ssl-images-amazon.com/images/I/61VfrQO3uBL._SL1000_.jpg
https://www.amazon.com/dp/B003RKM878,https://images-na.ssl-images-amazon.com/images/I/91bjH0KdahL._UL1500_.jpg
https://www.amazon.com/dp/B003YJG6QQ,https://images-na.ssl-images-amazon.com/images/I/A1YNUqArXFL._UL1500_.jpg
https://www.amazon.com/dp/B003YVNYN2,https://images-na.ssl-images-amazon.com/images/I/61FvbOtO8OL._UL1500_.jpg
https://www.amazon.com/dp/B003ZYDACS,https://images-na.ssl-images-amazon.com/images/I/81W512H4%2B6L._UL1500_.jpg
https://www.amazon.com/dp/B0047D0NGM,https://images-na.ssl-images-amazon.com/images/I/81rAy8f-w6L._UL1500_.jpg
https://www.amazon.com/dp/B0047D466U,https://images-na.ssl-images-amazon.com/images/I/81uXEUjVfWL._UL1500_.jpg
https://www.amazon.com/dp/B00480LOE4,https://images-na.ssl-images-amazon.com/images/I/91J03defvTL._UL1500_.jpg
https://www.amazon.com/dp/B004KWA7LG,https://images-na.ssl-images-amazon.com/images/I/81eotD5MaNL._UL1500_.jpg
https://www.amazon.com/dp/B004NPDAZ0,https://images-na.ssl-images-amazon.com/images/I/71QzRvXuz2L._UL1500_.jpg
https://www.amazon.com/dp/B004VMF5IA,https://images-na.ssl-images-amazon.com/images/I/71i%2B9YOYuwL._SL1162_.jpg
https://www.amazon.com/dp/B004WE60HC,https://images-na.ssl-images-amazon.com/images/I/81ZiSz-rDAL._UL1500_.jpg
https://www.amazon.com/dp/B0058OMQYG,https://images-na.ssl-images-amazon.com/images/I/71rnhfKpPZL._UL1500_.jpg
https://www.amazon.com/dp/B0059GG7Y8,https://images-na.ssl-images-amazon.com/images/I/615N0A2Lu%2BL._UL1500_.jpg
https://www.amazon.com/dp/B005A94BBA,https://images-na.ssl-images-amazon.com/images/I/71MwcYRf0rL._UL1500_.jpg
https://www.amazon.com/dp/B005A94BHY,https://images-na.ssl-images-amazon.com/images/I/61P2jff0lOL._UL1200_.jpg
https://www.amazon.com/dp/B005FN1V8C,https://images-na.ssl-images-amazon.com/images/I/81xIzR%2B2-RL._UL1500_.jpg
https://www.amazon.com/dp/B005IM0QMC,https://images-na.ssl-images-amazon.com/images/I/81SrkQxoN2L._SL1500_.jpg
https://www.amazon.com/dp/B005KQ3DEE,https://images-na.ssl-images-amazon.com/images/I/81g9s%2BxbFRL._SL1500_.jpg
https://www.amazon.com/dp/B005MRPR2C,https://images-na.ssl-images-amazon.com/images/I/51v-hd0VfUL._UL1000_.jpg
https://www.amazon.com/dp/B005ZTXYVS,https://images-na.ssl-images-amazon.com/images/I/61HO62d5DbL._UL1200_.jpg
https://www.amazon.com/dp/B0061DQRBG,https://images-na.ssl-images-amazon.com/images/I/81-jajoWPPL._UL1500_.jpg
https://www.amazon.com/dp/B00686QA5Y,https://images-na.ssl-images-amazon.com/images/I/51Lv-oF51JL._UL1001_.jpg
https://www.amazon.com/dp/B0069TH5O0,https://images-na.ssl-images-amazon.com/images/I/61yqPfE365L._UL1200_.jpg
https://www.amazon.com/dp/B006JCABK2,https://images-na.ssl-images-amazon.com/images/I/91slLqfFl-L._UL1500_.jpg
https://www.amazon.com/dp/B006UIUODY,https://images-na.ssl-images-amazon.com/images/I/81g9s%2BxbFRL._UL1500_.jpg
https://www.amazon.com/dp/B006ZTQWR0,https://images-na.ssl-images-amazon.com/images/I/61axnYSJUuL._UL1500_.jpg
https://www.amazon.com/dp/B0072ICDNA,https://images-na.ssl-images-amazon.com/images/I/71xrX8COi3L._UL1500_.jpg
https://www.amazon.com/dp/B0072IHQEQ,https://images-na.ssl-images-amazon.com/images/I/717XMquFGQL._UL1500_.jpg
https://www.amazon.com/dp/B0072IHV28,https://images-na.ssl-images-amazon.com/images/I/710%2Bsf6yXfL._UL1500_.jpg
https://www.amazon.com/dp/B0076TOFUO,https://images-na.ssl-images-amazon.com/images/I/71RCo6Z7ssL._UL1500_.jpg
https://www.amazon.com/dp/B00780AWNU,https://images-na.ssl-images-amazon.com/images/I/81z9uzQb-2L._UL1500_.jpg
https://www.amazon.com/dp/B0077SHR6I,https://images-na.ssl-images-amazon.com/images/I/61c5Hj-IyiL._SL1000_.jpg
https://www.amazon.com/dp/B0078KWAW6,https://images-na.ssl-images-amazon.com/images/I/71KHWlbbW1L._UL1500_.jpg
https://www.amazon.com/dp/B00794QOLE,https://images-na.ssl-images-amazon.com/images/I/514TNdpbTrL._UL1200_.jpg
https://www.amazon.com/dp/B00794V7TS,https://images-na.ssl-images-amazon.com/images/I/61RpvlszV2L._UL1500_.jpg
https://www.amazon.com/dp/B007EVHINA,https://images-na.ssl-images-amazon.com/images/I/814Nl4WNiKL._SL1500_.jpg
https://www.amazon.com/dp/B007GCMH0G,https://images-na.ssl-images-amazon.com/images/I/81BtYT4i2IL._UL1500_.jpg
https://www.amazon.com/dp/B007JX7OHI,https://images-na.ssl-images-amazon.com/images/I/81Pe4mIya-L._UL1500_.jpg
https://www.amazon.com/dp/B007KFZDKK,https://images-na.ssl-images-amazon.com/images/I/71DYlwdrw6L._UL1500_.jpg
https://www.amazon.com/dp/B007PSE6Q4,https://images-na.ssl-images-amazon.com/images/I/71%2BjNci52cL._UL1500_.jpg
https://www.amazon.com/dp/B007U2GYQU,https://images-na.ssl-images-amazon.com/images/I/81mDhJ1Z4ML._UL1500_.jpg
https://www.amazon.com/dp/B00817QEB8,https://images-na.ssl-images-amazon.com/images/I/61eE2YCG20L._UL1500_.jpg
https://www.amazon.com/dp/B00821XGPK,https://images-na.ssl-images-amazon.com/images/I/71HI8uXOpaL._UL1500_.jpg
https://www.amazon.com/dp/B00823T7V0,https://images-na.ssl-images-amazon.com/images/I/61c1uU7khmL._UL1263_.jpg
https://www.amazon.com/dp/B0083K55TK,https://images-na.ssl-images-amazon.com/images/I/91iWAloSCxL._UL1500_.jpg
https://www.amazon.com/dp/B008A756BS,https://images-na.ssl-images-amazon.com/images/I/419niVUZQbL._UL1001_.jpg
https://www.amazon.com/dp/B008VF1QRC,https://images-na.ssl-images-amazon.com/images/I/81Xkj9WFVSL._UL1500_.jpg
https://www.amazon.com/dp/B008XTKDKM,https://images-na.ssl-images-amazon.com/images/I/81XHFNfpelL._UL1500_.jpg
https://www.amazon.com/dp/B008Z96K84,https://images-na.ssl-images-amazon.com/images/I/617VCB8TEdL._UL1250_.jpg
https://www.amazon.com/dp/B008ZHWE2W,https://images-na.ssl-images-amazon.com/images/I/812b71IhvoL._UL1500_.jpg
https://www.amazon.com/dp/B0090PME50,https://images-na.ssl-images-amazon.com/images/I/71qlXkF5K2L._UL1013_.jpg
https://www.amazon.com/dp/B0091CZAN0,https://images-na.ssl-images-amazon.com/images/I/71ACMmgXiYL._UL1500_.jpg
https://www.amazon.com/dp/B0093LMHF8,https://images-na.ssl-images-amazon.com/images/I/51N6MYPXdPL._UL1020_.jpg
https://www.amazon.com/dp/B00941HG6M,https://images-na.ssl-images-amazon.com/images/I/618fCMXuO1L._UL1010_.jpg
https://www.amazon.com/dp/B0095TETTA,https://images-na.ssl-images-amazon.com/images/I/81ovFsdQ%2BmL._UL1500_.jpg
https://www.amazon.com/dp/B009NN96H8,https://images-na.ssl-images-amazon.com/images/I/71HVgy2TqYL._UL1500_.jpg
https://www.amazon.com/dp/B009R6QZHK,https://images-na.ssl-images-amazon.com/images/I/91nZ0GpgtWL._UL1500_.jpg
https://www.amazon.com/dp/B009YR6TWS,https://images-na.ssl-images-amazon.com/images/I/71b9eUxMx7L._UL1500_.jpg
https://www.amazon.com/dp/B009ZG974A,https://images-na.ssl-images-amazon.com/images/I/81nMTrTcNCL._UL1500_.jpg
https://www.amazon.com/dp/B009ZHKEN2,https://images-na.ssl-images-amazon.com/images/I/61mU9ZQBedL._UL1092_.jpg
https://www.amazon.com/dp/B00A2IDTIU,https://images-na.ssl-images-amazon.com/images/I/81YU-WTKJ%2BL._UL1500_.jpg
https://www.amazon.com/dp/B00A3G3N8W,https://images-na.ssl-images-amazon.com/images/I/51zJxTKrXuL._UL1019_.jpg
https://www.amazon.com/dp/B00A5OO5KM,https://images-na.ssl-images-amazon.com/images/I/81as0jniv8L._UL1500_.jpg
https://www.amazon.com/dp/B00AC5YD9W,https://images-na.ssl-images-amazon.com/images/I/41ZOVcU51HL._SL1000_.jpg
https://www.amazon.com/dp/B00AGMPVUQ,https://images-na.ssl-images-amazon.com/images/I/911lbck44LL._UL1500_.jpg
https://www.amazon.com/dp/B00AHTK1C6,https://images-na.ssl-images-amazon.com/images/I/81bDOm80lTL._UL1500_.jpg
https://www.amazon.com/dp/B00AQJZN8Y,https://images-na.ssl-images-amazon.com/images/I/51qrBkgjaDL._UL1024_.jpg
https://www.amazon.com/dp/B00AW7ZXYE,https://images-na.ssl-images-amazon.com/images/I/71WB3Nz-9IL._UL1447_.jpg
https://www.amazon.com/dp/B00AWE7F0W,https://images-na.ssl-images-amazon.com/images/I/61lrceKp1HL._UL1013_.jpg
https://www.amazon.com/dp/B00AWS48W6,https://images-na.ssl-images-amazon.com/images/I/71Kz6XvIZKL._UL1013_.jpg
https://www.amazon.com/dp/B00B029GVG,https://images-na.ssl-images-amazon.com/images/I/818CQaXKifL._UL1500_.jpg
https://www.amazon.com/dp/B00BL4S49S,https://images-na.ssl-images-amazon.com/images/I/61cLc05h72L._UL1000_.jpg
https://www.amazon.com/dp/B00BTIZ3VS,https://images-na.ssl-images-amazon.com/images/I/81YCFMlDolL._UL1500_.jpg
https://www.amazon.com/dp/B00C2L921I,https://images-na.ssl-images-amazon.com/images/I/81H1Qsp-CoL._UL1500_.jpg
https://www.amazon.com/dp/B00C2LA9QA,https://images-na.ssl-images-amazon.com/images/I/A17i8hDoG4L._UL1500_.jpg
https://www.amazon.com/dp/B00C981Q6S,https://images-na.ssl-images-amazon.com/images/I/51HpZnqwLkL._UL1153_.jpg
https://www.amazon.com/dp/B00C9WKMBY,https://images-na.ssl-images-amazon.com/images/I/A1YvKeTQMqL._UL1500_.jpg
https://www.amazon.com/dp/B00CA6YSNM,https://images-na.ssl-images-amazon.com/images/I/81D7PSYkXnL._UL1500_.jpg
https://www.amazon.com/dp/B00CBCI80E,https://images-na.ssl-images-amazon.com/images/I/71au3RTToiL._SL1500_.jpg
https://www.amazon.com/dp/B00CE58W5Y,https://images-na.ssl-images-amazon.com/images/I/818RW-kA7oL._UL1500_.jpg
https://www.amazon.com/dp/B00CIZG5FO,https://images-na.ssl-images-amazon.com/images/I/71ZwzTGS3BL._UL1500_.jpg
https://www.amazon.com/dp/B00CIZGKDQ,https://images-na.ssl-images-amazon.com/images/I/719QpakZxgL._UL1500_.jpg
https://www.amazon.com/dp/B00CO24KNU,https://images-na.ssl-images-amazon.com/images/I/613mS%2BHPnXL._UL1500_.jpg
https://www.amazon.com/dp/B00CPTUCW0,https://images-na.ssl-images-amazon.com/images/I/91XCKqez-DL._UL1500_.jpg
https://www.amazon.com/dp/B00D2L39RK,https://images-na.ssl-images-amazon.com/images/I/81ei8PNWRBL._UL1500_.jpg
https://www.amazon.com/dp/B00D784332,https://images-na.ssl-images-amazon.com/images/I/81tGfidzGBL._UL1500_.jpg
https://www.amazon.com/dp/B00DAOF5M6,https://images-na.ssl-images-amazon.com/images/I/91Sm9S%2BjFDL._UL1500_.jpg
https://www.amazon.com/dp/B00DJ62ARS,https://images-na.ssl-images-amazon.com/images/I/815LtuxJWzL._UL1500_.jpg
https://www.amazon.com/dp/B00DK2HVP2,https://images-na.ssl-images-amazon.com/images/I/61s72CBF-GL._UL1013_.jpg
https://www.amazon.com/dp/B00DMWQPCK,https://images-na.ssl-images-amazon.com/images/I/81D7YaSCQ-L._UL1500_.jpg
https://www.amazon.com/dp/B00DS56Y3G,https://images-na.ssl-images-amazon.com/images/I/81BRaOXLQVL._UL1500_.jpg
https://www.amazon.com/dp/B00DU8DJX4,https://images-na.ssl-images-amazon.com/images/I/519zdOglgPL._UL1200_.jpg
https://www.amazon.com/dp/B00DWGUF8G,https://images-na.ssl-images-amazon.com/images/I/91o9PUoHcNL._UL1500_.jpg
https://www.amazon.com/dp/B00DZG84G8,https://images-na.ssl-images-amazon.com/images/I/71EHQvi8xsL._UL1500_.jpg
https://www.amazon.com/dp/B00DZG88L4,https://images-na.ssl-images-amazon.com/images/I/71EHQvi8xsL._UL1500_.jpg
https://www.amazon.com/dp/B00DZG8M24,https://images-na.ssl-images-amazon.com/images/I/71EHQvi8xsL._UL1500_.jpg
https://www.amazon.com/dp/B00DZPFZUC,https://images-na.ssl-images-amazon.com/images/I/91NxvKyXphL._UL1500_.jpg
https://www.amazon.com/dp/B00E004J6C,https://images-na.ssl-images-amazon.com/images/I/81jDB5UMsGL._UL1500_.jpg
https://www.amazon.com/dp/B00E1EYUMK,https://images-na.ssl-images-amazon.com/images/I/81NVsgVTXjL._UL1500_.jpg
https://www.amazon.com/dp/B00E1SHZ1O,https://images-na.ssl-images-amazon.com/images/I/81ok4a2LiGL._UL1500_.jpg
https://www.amazon.com/dp/B00E6OMKAO,https://images-na.ssl-images-amazon.com/images/I/71HGnk8kljL._SL1500_.jpg
https://www.amazon.com/dp/B00EMAGVT8,https://images-na.ssl-images-amazon.com/images/I/61PXhG%2BF00L._UL1500_.jpg
https://www.amazon.com/dp/B00EFCZR98,https://images-na.ssl-images-amazon.com/images/I/611vK%2ByRxXL._UL1198_.jpg
https://www.amazon.com/dp/B00F973E9S,https://images-na.ssl-images-amazon.com/images/I/71A-Ecf48-L._UL1500_.jpg
https://www.amazon.com/dp/0213688131,https://images-na.ssl-images-amazon.com/images/I/610CSZWlT1L._UL1001_.jpg
https://www.amazon.com/dp/B0007PIN7U,https://images-na.ssl-images-amazon.com/images/I/61SAM%2BvyyzL._UL1500_.jpg
https://www.amazon.com/dp/B000ELGJSM,https://images-na.ssl-images-amazon.com/images/I/71EXavTD97L._SL1200_.jpg
https://www.amazon.com/dp/B000MX3RLE,https://images-na.ssl-images-amazon.com/images/I/91UlW7rMMuL._UL1500_.jpg
https://www.amazon.com/dp/B000N9VP5M,https://images-na.ssl-images-amazon.com/images/I/617i1%2BO-I8L._UL1000_.jpg
https://www.amazon.com/dp/B000UWLJWQ,https://images-na.ssl-images-amazon.com/images/I/81wuCZ68hgL._UL1500_.jpg
https://www.amazon.com/dp/B001C5LOJI,https://images-na.ssl-images-amazon.com/images/I/711WIhiymHL._UL1500_.jpg
https://www.amazon.com/dp/B001JTBINE,https://images-na.ssl-images-amazon.com/images/I/81luqcBaaOL._UL1500_.jpg
https://www.amazon.com/dp/B002P2WUTK,https://images-na.ssl-images-amazon.com/images/I/81oArRTofLL._UL1500_.jpg
https://www.amazon.com/dp/B0034ZC4M0,https://images-na.ssl-images-amazon.com/images/I/81K2vGiDuEL._UL1500_.jpg
https://www.amazon.com/dp/B0037Z3LIS,https://images-na.ssl-images-amazon.com/images/I/71gqO1hICaL._UL1500_.jpg
https://www.amazon.com/dp/B003RZTL7I,https://images-na.ssl-images-amazon.com/images/I/91CUbNjO%2BtL._UL1500_.jpg
https://www.amazon.com/dp/B003S03HEU,https://images-na.ssl-images-amazon.com/images/I/81u40R5K4cL._UL1500_.jpg
https://www.amazon.com/dp/B003UO2W86,https://images-na.ssl-images-amazon.com/images/I/81ZvOvzQeyL._UL1500_.jpg
https://www.amazon.com/dp/B004ATOCO2,https://images-na.ssl-images-amazon.com/images/I/61bWC3pD0eL._UL1084_.jpg
